<?xml version="1.0" encoding="UTF-8" standalone="yes"?>
<addon id="tom3kp-repo" name="tomasz-pu" version="0.0.18" provider-name="tomasz-pu">
    <extension point="xbmc.addon.repository" name="Example Repository">
        <dir>
            <info compressed="false">https://raw.githubusercontent.com/tomasz-pu/tomasz-pu.github.io/master/repo/zips/addons.xml</info>
            <checksum>https://raw.githubusercontent.com/tomasz-pu/tomasz-pu.github.io/master/repo/zips/addons.xml.md5</checksum>
            <datadir zip="true">https://raw.githubusercontent.com/tomasz-pu/tomasz-pu.github.io/master/repo/zips/</datadir>
        </dir>
    </extension>
    <extension point="xbmc.addon.metadata">
        <summary>tomasz-pu.github.io</summary>
        <description>A test repo to update bespoke addons</description>
        <disclaimer></disclaimer>
        <platform>all</platform>
        <assets>
            <icon>icon.png</icon>
            <fanart>fanart.jpg</fanart>
        </assets>
    </extension>
</addon>